{"cameraMode":{"drawMode":0,"name":"Shaded","section":"Shading Mode"},"sceneLighting":true,"audioPlay":false,"sceneViewState":{"showFog":true,"showMaterialUpdate":false,"showSkybox":true,"showFlares":true,"showImageEffects":true,"showParticleSystems":true},"in2DMode":false,"pivot":{"x":-0.32672077417373659,"y":10.85010051727295,"z":-4.06872034072876},"rotation":{"x":-0.0766158178448677,"y":-0.05588825047016144,"z":0.004405695013701916,"w":-0.9955797791481018},"size":0.6367229223251343,"orthographic":false}