{"cameraMode":{"drawMode":0,"name":"Shaded","section":"Shading Mode"},"sceneLighting":true,"audioPlay":false,"sceneViewState":{"showFog":true,"showMaterialUpdate":false,"showSkybox":true,"showFlares":true,"showImageEffects":true,"showParticleSystems":true},"in2DMode":false,"pivot":{"x":-56.09994125366211,"y":61.04716110229492,"z":71.56819152832031},"rotation":{"x":0.1265317052602768,"y":-0.3008573055267334,"z":0.04040552303195,"w":0.9443987011909485},"size":0.000017320508050033823,"orthographic":false}